1;31;2539956.888;1153403.741;155;9;feuillu;12.08.2025
2;31;2539960.8;1153402.956;250;10;feuillu;12.08.2025
3;31;2539978.399;1153401.172;60;6;feuillu;12.08.2025
4;31;2539982.106;1153400.475;100;6;feuillu;12.08.2025
5;31;2539974.957;1153402.275;80;6;feuillu;12.08.2025
6;31;2539999.113;1153397.674;120;8;feuillu;12.08.2025
7;31;2540005.732;1153396.505;110;9;feuillu;12.08.2025
1037;31;2537800.473;1153972.786;50;6;feuillu;25.08.2025
1038;31;2537800.541;1153967.188;50;6;feuillu;25.08.2025
1039;31;2537800.519;1153961.723;50;6;feuillu;25.08.2025
1040;31;2537800.547;1153956.162;50;6;feuillu;25.08.2025
1041;31;2537793.305;1153949.945;50;6;feuillu;25.08.2025
1042;31;2537777.088;1153952.386;50;6;feuillu;25.08.2025
1043;31;2537776.062;1153955.956;50;6;feuillu;25.08.2025
1044;31;2537777.54;1153976.847;50;6;feuillu;25.08.2025
1045;31;2537789.411;1153916.079;50;6;feuillu;25.08.2025
1046;31;2537787.292;1153927.435;50;6;feuillu;25.08.2025
1047;31;2537789.547;1153934.016;50;6;feuillu;25.08.2025
1048;31;2537791.342;1153860.533;50;6;feuillu;25.08.2025
1049;31;2537791.388;1153869.883;50;6;feuillu;25.08.2025
1050;31;2537791.433;1153879.266;50;6;feuillu;25.08.2025
1051;31;2537791.364;1153888.644;50;6;feuillu;25.08.2025
1052;31;2537791.802;1153898.132;50;6;feuillu;25.08.2025
1053;31;2537791.329;1153908.129;50;6;feuillu;25.08.2025
1054;31;2537791.214;1153842.841;50;6;feuillu;25.08.2025
1055;31;2537791.2;1153833.379;50;6;feuillu;25.08.2025
1056;31;2537791.221;1153823.879;50;6;feuillu;25.08.2025
1057;31;2537791.237;1153814.766;50;6;feuillu;25.08.2025
1058;31;2537791.178;1153806.606;50;6;feuillu;25.08.2025
1059;31;2537801.537;1153868.628;50;6;feuillu;25.08.2025
1060;31;2537802.443;1153886.211;50;6;feuillu;25.08.2025
1061;31;2537820.647;1153860.177;50;6;feuillu;25.08.2025
1062;31;2537823.768;1153860.993;50;6;feuillu;25.08.2025
1063;31;2537809.692;1153867.009;50;6;feuillu;25.08.2025
1064;31;2537808.476;1153879.696;50;6;feuillu;25.08.2025
1065;31;2537815.06;1153881.583;50;6;feuillu;25.08.2025
1066;31;2537807.847;1153892.405;50;6;feuillu;25.08.2025
1067;31;2537834.687;1153880.603;50;6;feuillu;25.08.2025
1068;31;2537828.807;1153872.173;50;6;feuillu;25.08.2025
1069;31;2537821.313;1153905.54;50;6;feuillu;25.08.2025
1070;31;2537821.189;1153895.944;50;6;feuillu;25.08.2025
1071;31;2537822.103;1153894.584;50;6;feuillu;25.08.2025
1072;31;2537837.686;1153894.696;50;6;feuillu;25.08.2025
1073;31;2537836.335;1153902.454;50;6;feuillu;25.08.2025
1074;31;2537837.418;1153905.225;50;6;feuillu;25.08.2025
1075;31;2537832.568;1153904.485;50;6;feuillu;25.08.2025
1076;31;2537808.006;1153911.241;50;6;feuillu;25.08.2025
6000;31;2538609.411;1152018.301;126;8;résineux;12.03.2025
6001;31;2538605.577;1152020.52;79;6;résineux;12.03.2025
6002;31;2538600.381;1152019.352;47;6;résineux;12.03.2025
6003;31;2538597.978;1152023.893;157;16;résineux;12.03.2025
6004;31;2538597.086;1152025.247;123;6;feuillu;12.03.2025
6005;31;2538594.117;1152026.928;94;8;résineux;12.03.2025
6006;31;2538593.52;1152024.261;126;16;feuillu;12.03.2025
6007;31;2538591.959;1152026.727;94;10;feuillu;12.03.2025
6008;31;2538591.282;1152029.584;72;6;résineux;12.03.2025
6009;31;2538589.961;1152026.157;53;8;résineux;12.03.2025
6010;31;2538590.5;1152028.064;47;4;résineux;12.03.2025
6011;31;2538587.991;1152028.235;157;10;feuillu;12.03.2025
6012;31;2538578.858;1152031.3;123;10;feuillu;12.03.2025
6013;31;2538579.299;1152033.584;100;12;feuillu;12.03.2025
6014;31;2538574.777;1152036.209;362;14;feuillu;12.03.2025
6015;31;2538571.02;1152035.709;63;6;feuillu;12.03.2025
6016;31;2538569.308;1152032.213;72;6;résineux;12.03.2025
6017;31;2538550.547;1152034.266;126;6;feuillu;12.03.2025
6018;31;2538571.935;1152052.38;85;6;feuillu;12.03.2025
6019;31;2538581.278;1152078.334;220;14;feuillu;12.03.2025
6020;31;2538583.041;1152092.169;138;12;feuillu;12.03.2025
6021;31;2538604.378;1152033.55;396;16;résineux;12.03.2025
6022;31;2538576.095;1152044.122;57;8;résineux;12.03.2025
6023;31;2538583.592;1152064.474;157;6;résineux;12.03.2025
6024;31;2538589.441;1152076.239;126;10;résineux;12.03.2025
6025;31;2538590.466;1152085.943;164;10;feuillu;12.03.2025
6026;31;2538601.407;1152082.05;173;8;feuillu;12.03.2025
6027;31;2538605.651;1152079.543;31;5;résineux;12.03.2025
6028;31;2538605.467;1152086.074;53;6;feuillu;12.03.2025
6029;31;2538605.119;1152088.18;94;6;feuillu;12.03.2025
6030;31;2538611.332;1152082.539;47;5;résineux;12.03.2025
6031;31;2538613.672;1152080.709;94;6;résineux;12.03.2025
6032;31;2538622.976;1152076.011;47;8;feuillu;12.03.2025
6033;31;2538614.014;1152071.284;126;10;feuillu;12.03.2025
6034;31;2538623.551;1152072.718;47;8;résineux;12.03.2025
6035;31;2538629.106;1152069.132;63;8;feuillu;12.03.2025
6036;31;2538626.307;1152073.352;53;8;feuillu;12.03.2025
6037;31;2538631.364;1152071.003;47;5;résineux;12.03.2025
6038;31;2538634.05;1152068.305;47;4;résineux;12.03.2025
6039;31;2538637.643;1152066.217;53;6;feuillu;12.03.2025
6040;31;2538633.685;1152059.509;236;14;feuillu;12.03.2025
6041;31;2538629.277;1152049.202;94;6;feuillu;12.03.2025
6042;31;2538628.202;1152043.383;157;9;feuillu;12.03.2025
6043;31;2538621.587;1152039.5;63;6;feuillu;12.03.2025
6044;31;2538597.473;1152034.872;47;5;résineux;12.03.2025
6045;31;2538588.56;1152038.159;47;5;résineux;12.03.2025
6100;31;2538570.058;1152112.394;229;14;feuillu;12.03.2025
6103;31;2538555.316;1152086.224;189;10;résineux;12.03.2025
6106;31;2538550.978;1152068.4;63;5;feuillu;12.03.2025
6109;31;2538546.82;1152058.545;132;6;feuillu;12.03.2025
6110;31;2538545.462;1152054.894;142;6;feuillu;12.03.2025
6111;31;2538652.477;1152062.816;236;8;feuillu;12.03.2025
6112;31;2538653.058;1152057.972;47;4;feuillu;12.03.2025
6113;31;2538645.261;1152050.16;63;4;feuillu;12.03.2025
6114;31;2538637.452;1152042.14;63;4;feuillu;12.03.2025
6115;31;2538592.572;1152019.739;100;10;feuillu;12.03.2025
6116;31;2538590.048;1152019.581;126;6;feuillu;12.03.2025
6117;31;2538587.64;1152022.527;47;5;feuillu;12.03.2025
6118;31;2538585.357;1152022.018;63;6;feuillu;12.03.2025
6119;31;2538577.617;1152028.788;157;6;feuillu;12.03.2025
6120;31;2538566.649;1152027.133;47;4;résineux;12.03.2025
6121;31;2538566.383;1152027.497;47;4;résineux;12.03.2025
6122;31;2538563.55;1152030.581;79;5;résineux;12.03.2025
6200;31;2538611.549;1152017.886;65;4;résineux;12.03.2025
6203;31;2538605.939;1152017.314;132;6;résineux;12.03.2025
6204;31;2538600.57;1152021.752;45;3;feuillu;12.03.2025
6205;31;2538598.024;1152020.681;39;4;résineux;12.03.2025
6206;31;2538590.379;1152024.482;44;5;résineux;12.03.2025
6207;31;2538595.239;1152019.483;82;5;résineux;12.03.2025
6208;31;2538588.547;1152023.981;38;6;résineux;12.03.2025
6209;31;2538580.786;1152033.574;58;3;feuillu;12.03.2025
6210;31;2538576.034;1152033.084;69;5;feuillu;12.03.2025
6211;31;2538574.265;1152034.4;40;4;feuillu;12.03.2025
6212;31;2538563.455;1152033.81;121;5;feuillu;12.03.2025
6213;31;2538562.764;1152033.924;99;5;feuillu;12.03.2025
6214;31;2538568.083;1152038.12;142;6;feuillu;12.03.2025
6215;31;2538568.753;1152039.48;73;5;feuillu;12.03.2025
6216;31;2538644.259;1152056.449;105;2;résineux;12.03.2025
6217;31;2538648.805;1152063.793;94;4;feuillu;12.03.2025
6218;31;2538650.391;1152064.368;145;4;feuillu;12.03.2025
6219;31;2538657.061;1152064.24;133;3;feuillu;12.03.2025
6220;31;2538636.101;1152057.157;226;5;résineux;12.03.2025
6221;31;2538643.443;1152060.515;90;5;feuillu;12.03.2025
6222;31;2538631.446;1152064.817;48;2;feuillu;12.03.2025
6223;31;2538625.628;1152067.404;45;2;feuillu;12.03.2025
6224;31;2538630.905;1152067.854;36;4;résineux;12.03.2025
6225;31;2538628.13;1152066.691;70;3;feuillu;12.03.2025
6228;31;2538616.333;1152073.97;60;1.5;feuillu;12.03.2025
6229;31;2538612.436;1152077.198;75;2;feuillu;12.03.2025
6230;31;2538606.508;1152076.652;66;1.5;feuillu;12.03.2025
6231;31;2538609.087;1152077.659;45;1.5;feuillu;12.03.2025
6232;31;2538610.109;1152084.937;70;5;feuillu;12.03.2025
6233;31;2538612.088;1152081.093;70;4;résineux;12.03.2025
6235;31;2538614.82;1152081.26;40;5;résineux;12.03.2025
6236;31;2538614.535;1152080.11;40;5;résineux;12.03.2025
5000;31;2538616.262;1152080.195;30;5;résineux;12.03.2025
6237;31;2538590.195;1152080.762;50;2;feuillu;12.03.2025
6238;31;2538593.306;1152084.191;131;6;résineux;12.03.2025
6239;31;2538575.992;1152050.081;40;2;feuillu;12.03.2025
6240;31;2538586.303;1152070.114;40;2;feuillu;12.03.2025
6241;31;2538591.568;1152053.027;45;2;feuillu;12.03.2025
6242;31;2538596.634;1152049.857;30;4;feuillu;12.03.2025
6243;31;2538576.147;1152024.854;85;4;résineux;12.03.2025
6244;31;2538583.991;1152022.68;22;4;résineux;12.03.2025
318;31;2536855.744;1153442.278;250;18;feuillu;24.10.2025
319;31;2536869.657;1153439.05;235;16;feuillu;24.10.2025
320;31;2536879.453;1153433.705;35;4;feuillu;24.10.2025
321;31;2536879.01;1153436.444;53;4;feuillu;24.10.2025
322;31;2536878.617;1153439.424;70;6;feuillu;24.10.2025
323;31;2536877.822;1153442.464;55;6;feuillu;24.10.2025
324;31;2536877.371;1153445.289;50;5;feuillu;24.10.2025
325;31;2536876.541;1153448.235;62;5;feuillu;24.10.2025
326;31;2536876.053;1153451.504;52;4;feuillu;24.10.2025
327;31;2536875.521;1153454.526;47;5;feuillu;24.10.2025
328;31;2536875.109;1153457.312;55;4;feuillu;24.10.2025
329;31;2536874.464;1153460.8;70;4;feuillu;24.10.2025
330;31;2536870.95;1153460.076;85;4;feuillu;24.10.2025
331;31;2536867.702;1153458.268;35;4;feuillu;24.10.2025
332;31;2536864.633;1153457.783;120;6;feuillu;24.10.2025
333;31;2536861.431;1153456.423;90;5;feuillu;24.10.2025
334;31;2536858.26;1153454.891;62;5;feuillu;24.10.2025
335;31;2536855.658;1153453.188;55;5;feuillu;24.10.2025
336;31;2536852.113;1153451.925;95;4;feuillu;24.10.2025
337;31;2536849.438;1153449.788;40;2;feuillu;24.10.2025
338;31;2536846.266;1153447.733;35;3;feuillu;24.10.2025
339;31;2536844.181;1153446.182;90;4;feuillu;24.10.2025
340;31;2536842.115;1153444.29;80;4;feuillu;24.10.2025
341;31;2536840.611;1153441.683;60;5;feuillu;24.10.2025
342;31;2536840.032;1153438.854;80;5;feuillu;24.10.2025
368;31;2536847.29;1153430.736;60;6;feuillu;24.10.2025
369;31;2536847.815;1153429.092;35;5;feuillu;24.10.2025
370;31;2536849.726;1153429.961;50;4;feuillu;24.10.2025
371;31;2536850.278;1153430.019;35;5;feuillu;24.10.2025
372;31;2536852.64;1153430.414;30;4;feuillu;24.10.2025
373;31;2536858.121;1153425.94;190;15;feuillu;24.10.2025
374;31;2536864.801;1153426.434;170;18;feuillu;24.10.2025
375;31;2536869.796;1153425.49;40;6;feuillu;24.10.2025
376;31;2536869.452;1153426.925;80;7;feuillu;24.10.2025
377;31;2536871.986;1153429.913;70;7;feuillu;24.10.2025
378;31;2536874.539;1153428.548;50;7;feuillu;24.10.2025
379;31;2536873.221;1153425.854;65;6;feuillu;24.10.2025
380;31;2536879.094;1153428.006;60;6;feuillu;24.10.2025
1;31;2534834.035;1152562.185;173;6;Carpinus Betulus;30.10.2013
2;31;2534843.994;1152555.811;126;6;Pinus Sylvestris;30.10.2013
3;31;2534854.603;1152548.035;141;6;Carpinus Betulus;30.10.2013
4;31;2534861.466;1152544.307;126;6;Carpinus Betulus;30.10.2013
5;31;2534872.747;1152534.991;151;8;Pinus Sylvestris;30.10.2013
6;31;2534884.488;1152529.621;126;6;Carpinus Betulus;30.10.2013
7;31;2534886.927;1152524.24;157;8;Pinus Sylvestris;30.10.2013
8;31;2534890.598;1152524.129;157;6;Carpinus Betulus;30.10.2013
9;31;2534893.165;1152521.13;119;8;Pinus Sylvestris;30.10.2013
10;31;2534901.17;1152529.519;157;8;Pinus Sylvestris;30.10.2013
11;31;2534904.262;1152530.568;88;5;Carpinus Betulus;30.10.2013
12;31;2534902.374;1152533.725;151;6;Pinus Sylvestris;30.10.2013
13;31;2534906.576;1152534.489;75;6;Pinus Sylvestris;30.10.2013
14;31;2534904.975;1152538.11;185;8;Pinus Sylvestris;30.10.2013
15;31;2534898.754;1152538.03;176;8;Pinus Sylvestris;30.10.2013
16;31;2534897.76;1152532.144;75;5;Carpinus Betulus;30.10.2013
17;31;2534888.458;1152539.518;157;7;Pinus Sylvestris;30.10.2013
18;31;2534911.765;1152520.255;141;7;Pinus Sylvestris;30.10.2013
19;31;2534915.833;1152519.593;94;5;Pinus Sylvestris;30.10.2013
20;31;2534915.935;1152515.73;119;5;Pinus Sylvestris;30.10.2013
21;31;2534924.362;1152506.231;126;10;Pinus Sylvestris;30.10.2013
22;31;2534926.226;1152510.597;141;7;Acer Campestre;30.10.2013
23;31;2534856.037;1152570.335;283;8;Carpinus Betulus;30.10.2013
24;31;2534865.312;1152575.311;94;6;Acer Campestre;30.10.2013
25;31;2534866.248;1152580.701;94;6;Acer Campestre;30.10.2013
26;31;2534861.687;1152582.642;94;6;Acer Campestre;30.10.2013
27;31;2534867.269;1152586.781;94;6;Acer Campestre;30.10.2013
28;31;2534864.034;1152586.178;63;6;Acer Campestre;30.10.2013
29;31;2534852.704;1152585.292;63;6;Carpinus Betulus;30.10.2013
30;31;2534855.232;1152591.891;79;5;Carpinus Betulus;30.10.2013
31;31;2534874.728;1152597.096;220;8;Pinus Sylvestris;30.10.2013
32;31;2534879.144;1152602.19;251;8;Carpinus Betulus;30.10.2013
33;31;2534882.804;1152602.312;126;8;Pinus Sylvestris;30.10.2013
34;31;2534884.848;1152605.396;157;8;Pinus Sylvestris;30.10.2013
35;31;2534893.169;1152604.367;126;8;Pinus Sylvestris;30.10.2013
36;31;2534882.276;1152608.791;126;8;Pinus Sylvestris;30.10.2013
37;31;2534878.226;1152606.827;126;8;Pinus Sylvestris;30.10.2013
38;31;2534874.706;1152604.146;94;7;Carpinus Betulus;30.10.2013
39;31;2534919.777;1152579.485;377;8;Carpinus Betulus;30.10.2013
40;31;2534914.025;1152575.882;157;8;Carpinus Betulus;30.10.2013
41;31;2534936.215;1152585.043;330;8;Carpinus Betulus;30.10.2013
42;31;2534941.707;1152580.119;204;8;Carpinus Betulus;30.10.2013
43;31;2534949.733;1152576.004;110;8;Carpinus Betulus;30.10.2013
44;31;2534958.909;1152568.224;236;8;Acer Campestre;30.10.2013
45;31;2534957.827;1152555.33;94;6;Pinus Sylvestris;30.10.2013
46;31;2534956.964;1152549.83;157;6;Pinus Sylvestris;30.10.2013
47;31;2534953.933;1152548.736;79;6;Pinus Sylvestris;30.10.2013
48;31;2534952.857;1152546.051;126;6;Pinus Sylvestris;30.10.2013
49;31;2534949.825;1152544.437;94;6;Pinus Sylvestris;30.10.2013
51;31;2534966.099;1152561.088;628;10;Acer Pseudoplatanus;30.10.2013
52;31;2534971.134;1152557.376;126;8;Acer Pseudoplatanus;30.10.2013
53;31;2534969.953;1152553.898;251;6;Acer Pseudoplatanus;30.10.2013
54;31;2534905.661;1152510.76;63;6;Carpinus Betulus;30.10.2013
55;31;2534908.253;1152506.851;126;6;Carpinus Betulus;30.10.2013
56;31;2534905.108;1152506.536;94;6;Carpinus Betulus;30.10.2013
57;31;2534911.69;1152503.792;110;6;Pinus Sylvestris;30.10.2013
58;31;2534913.408;1152500.242;110;6;Carpinus Betulus;30.10.2013
59;31;2534901.103;1152511.085;79;4;Carpinus Betulus;30.10.2013
60;31;2534873.668;1152485.447;63;5;Fraxinus Ornus;30.10.2013
61;31;2534871.535;1152474.095;157;10;Pinus Sylvestris;30.10.2013
62;31;2534867.659;1152472.648;157;8;Pinus Sylvestris;30.10.2013
63;31;2534868.238;1152467.166;188;8;Pinus Sylvestris;30.10.2013
64;31;2534863.837;1152467.797;346;8;Carpinus Betulus;30.10.2013
65;31;2534862.661;1152473.3;94;5;Acer Campestre;30.10.2013
66;31;2534867.354;1152476.765;126;8;Carpinus Betulus;30.10.2013
67;31;2534947.121;1152586.136;94;8;Pinus Sylvestris;30.10.2013
68;31;2534953.735;1152587.642;188;8;Acer Campestre;30.10.2013
69;31;2534951.421;1152583.151;94;8;Pinus Sylvestris;30.10.2013
70;31;2534955.557;1152579.78;63;4;Pinus Sylvestris;30.10.2013
71;31;2534960.278;1152583.301;126;8;Fagus Sylvatica;30.10.2013
72;31;2534962.329;1152584.9;94;6;Carpinus Betulus;30.10.2013
73;31;2534963.54;1152580.527;31;2;Acer Campestre;30.10.2013
74;31;2534960.016;1152577.048;79;4;Pinus Sylvestris;30.10.2013
75;31;2534964.039;1152574.069;94;5;Pinus Sylvestris;30.10.2013
76;31;2534968.399;1152571.021;141;4;Pinus Sylvestris;30.10.2013
77;31;2534972.678;1152568.035;47;2;Pinus Sylvestris;30.10.2013
78;31;2534977.127;1152565.08;126;4;Pinus Sylvestris;30.10.2013
79;31;2534983.597;1152566.77;126;6;Acer Campestre;30.10.2013
80;31;2534983.558;1152570.097;110;6;Carpinus Betulus;30.10.2013
81;31;2534987.466;1152567.419;79;6;Carpinus Betulus;30.10.2013
82;31;2534986.945;1152564.448;63;4;Acer Campestre;30.10.2013
83;31;2534985.371;1152559.139;110;5;Pinus Sylvestris;30.10.2013
84;31;2534989.639;1152556.531;157;8;Pinus Sylvestris;30.10.2013
85;31;2534993.909;1152553.12;110;6;Pinus Sylvestris;30.10.2013
86;31;2534985.126;1152545.058;251;8;Carpinus Betulus;30.10.2013
87;31;2534992.27;1152542.81;141;5;Pinus Sylvestris;30.10.2013
88;31;2534990.54;1152538.6;126;8;Pinus Sylvestris;30.10.2013
89;31;2534995.598;1152536.041;126;6;Pinus Sylvestris;30.10.2013
90;31;2535000.401;1152533.454;94;6;Pinus Sylvestris;30.10.2013
91;31;2535001.619;1152537.615;79;6;Pinus Sylvestris;30.10.2013
92;31;2534996.833;1152542.646;188;6;Carpinus Betulus;30.10.2013
93;31;2534910.884;1152497.155;94;5;Pinus Sylvestris;30.10.2013
94;31;2534902.279;1152503.743;110;4;Acer Campestre;30.10.2013
95;31;2534899.933;1152506.845;94;5;Pinus Sylvestris;30.10.2013
96;31;2534932.556;1152522.061;110;4;Acer Campestre;30.10.2013
97;31;2534934.801;1152522.079;94;4;Acer Campestre;30.10.2013
98;31;2534934.645;1152519.5;47;5;Acer Campestre;30.10.2013
99;31;2534918.847;1152496.879;94;4;Acer Campestre;30.10.2013
100;31;2534916.214;1152493.086;94;4;Acer Campestre;30.10.2013
101;31;2534919.521;1152493.325;126;8;Pinus Sylvestris;30.10.2013
102;31;2534921.342;1152488.598;94;4;Acer Campestre;30.10.2013
103;31;2534924.081;1152489.815;94;4;Carpinus Betulus;30.10.2013
104;31;2534927.636;1152485.453;126;6;Pinus Sylvestris;30.10.2013
105;31;2534929.034;1152483.174;47;2;Acer Campestre;30.10.2013
106;31;2534932.453;1152481.279;126;2;Acer Campestre;30.10.2013
107;31;2534948.737;1152482.716;79;3;Pinus Sylvestris;30.10.2013
108;31;2534952.595;1152485.754;94;6;Carpinus Betulus;30.10.2013
109;31;2534954.398;1152482.8;188;10;Pinus Sylvestris;30.10.2013
110;31;2534955.844;1152484.632;126;8;Carpinus Betulus;30.10.2013
111;31;2534958.799;1152483.741;126;8;Carpinus Betulus;30.10.2013
112;31;2534960.405;1152481.066;94;6;Pinus Sylvestris;30.10.2013
113;31;2534961.62;1152479.712;94;4;Corylus Avellana;30.10.2013
114;31;2534961.555;1152477.507;94;4;Acer Campestre;30.10.2013
116;31;2534944.318;1152469.388;79;4;Acer Campestre;30.10.2013
117;31;2534945.457;1152466.575;94;4;Carpinus Betulus;30.10.2013
118;31;2534960.697;1152455.86;31;4;Acer Pseudoplatanus;30.10.2013
119;31;2534859.193;1152597.843;157;6;Carpinus Betulus;30.10.2013
120;31;2534868.52;1152611.145;79;4;Carpinus Betulus;30.10.2013
121;31;2534876.267;1152613.931;126;6;Pinus Sylvestris;30.10.2013
122;31;2534874.823;1152620.295;565;10;Acer saccharinum;30.10.2013
123;31;2534877.45;1152624.581;377;10;Acer saccharinum;30.10.2013
124;31;2534881.276;1152629.349;94;10;Carpinus Betulus;30.10.2013
125;31;2534884.946;1152632.144;126;5;Pinus Sylvestris;30.10.2013
126;31;2534889.382;1152632.332;126;7;Carpinus Betulus;30.10.2013
127;31;2534882.776;1152616.03;110;5;Pinus Sylvestris;30.10.2013
128;31;2534886.219;1152619.125;110;6;Carpinus Betulus;30.10.2013
129;31;2534895.066;1152622.415;157;10;Acer saccharinum;30.10.2013
130;31;2534892.206;1152616.722;94;4;Pinus Sylvestris;30.10.2013
131;31;2534897.156;1152627.598;251;10;Acer saccharinum;30.10.2013
132;31;2534898.548;1152629.658;63;5;Carpinus Betulus;30.10.2013
133;31;2534900.243;1152625.409;157;10;Fagus Sylvatica;30.10.2013
134;31;2534903.156;1152626.721;157;8;Fagus Sylvatica;30.10.2013
135;31;2534907.03;1152624.276;63;4;Carpinus Betulus;30.10.2013
136;31;2534906.93;1152620.827;126;8;Fagus Sylvatica;30.10.2013
137;31;2534911.348;1152621.304;94;4;Carpinus Betulus;30.10.2013
138;31;2534910.092;1152618.372;220;8;Acer Campestre;30.10.2013
139;31;2534915.738;1152618.201;94;6;Carpinus Betulus;30.10.2013
140;31;2534916.933;1152613.859;188;8;Acer Campestre;30.10.2013
141;31;2534920.071;1152611.782;188;8;Acer Campestre;30.10.2013
142;31;2534923.147;1152612.445;79;5;Carpinus Betulus;30.10.2013
143;31;2534923.435;1152608.717;94;4;Acer Pseudoplatanus;30.10.2013
144;31;2534927.728;1152609.423;94;4;Carpinus Betulus;30.10.2013
145;31;2534926.959;1152607.18;141;4;Acer Pseudoplatanus;30.10.2013
146;31;2534930.074;1152604.222;126;4;Acer Pseudoplatanus;30.10.2013
147;31;2534932.358;1152606.176;157;10;Fagus Sylvatica;30.10.2013
148;31;2534933.458;1152601.975;188;6;Carpinus Betulus;30.10.2013
149;31;2534937.019;1152602.782;79;4;Carpinus Betulus;30.10.2013
150;31;2534897.247;1152606.934;63;4;Acer Campestre;30.10.2013
151;31;2534898.488;1152609.023;47;4;Acer Campestre;30.10.2013
152;31;2534900.633;1152607.904;31;4;Acer Campestre;30.10.2013
153;31;2534901.407;1152605.701;31;4;Acer Campestre;30.10.2013
154;31;2534902.615;1152603.356;141;6;Pinus Sylvestris;30.10.2013
155;31;2534906.171;1152606.142;110;6;Carpinus Betulus;30.10.2013
156;31;2534910.077;1152601.907;94;4;Acer Campestre;30.10.2013
157;31;2534909.1;1152599.564;157;4;Acer Campestre;30.10.2013
158;31;2534911.462;1152599.248;126;4;Acer Campestre;30.10.2013
159;31;2534912.105;1152596.635;94;4;Acer Campestre;30.10.2013
160;31;2534915.002;1152598.012;110;4;Acer Campestre;30.10.2013
161;31;2534922.575;1152592.741;188;8;Carpinus Betulus;30.10.2013
162;31;2534938.39;1152592.142;94;6;Pinus Sylvestris;30.10.2013
163;31;2534940.148;1152597.356;94;8;Fagus Sylvatica;30.10.2013
164;31;2534940.558;1152600.388;94;6;Carpinus Betulus;30.10.2013
165;31;2534944.271;1152597.736;157;6;Carpinus Betulus;30.10.2013
166;31;2534943.653;1152594.999;188;6;Acer Campestre;30.10.2013
167;31;2534942.696;1152589.18;79;5;Pinus Sylvestris;30.10.2013
168;31;2534946.979;1152592.597;94;5;Acer Campestre;30.10.2013
169;31;2534949.447;1152593.924;79;6;Carpinus Betulus;30.10.2013
170;31;2534950.119;1152590.387;94;4;Acer Campestre;30.10.2013
171;31;2534953.966;1152590.958;157;4;Carpinus Betulus;30.10.2013
172;31;2534957.411;1152588.312;94;5;Carpinus Betulus;30.10.2013
173;31;2534956.863;1152585.385;141;8;Acer Campestre;30.10.2013
174;31;2534966.78;1152581.866;94;5;Carpinus Betulus;30.10.2013
175;31;2534970.773;1152578.836;79;4;Carpinus Betulus;30.10.2013
176;31;2534975.245;1152576.066;79;4;Carpinus Betulus;30.10.2013
177;31;2534979.528;1152572.96;94;6;Carpinus Betulus;30.10.2013
178;31;2534991.205;1152564.699;126;6;Carpinus Betulus;30.10.2013
179;31;2534990.128;1152562.156;188;6;Acer Campestre;30.10.2013
180;31;2534999.89;1152558.47;126;6;Carpinus Betulus;30.10.2013
181;31;2535000.448;1152554.802;173;6;Carpinus Betulus;30.10.2013
182;31;2534997.818;1152550.585;79;5;Pinus Sylvestris;30.10.2013
183;31;2535002.071;1152547.663;79;6;Pinus Sylvestris;30.10.2013
184;31;2535005.748;1152545.027;126;6;Pinus Sylvestris;30.10.2013
185;31;2535010.465;1152541.592;110;6;Pinus Sylvestris;30.10.2013
186;31;2535015.028;1152538.135;110;6;Pinus Sylvestris;30.10.2013
187;31;2535022.872;1152532.552;110;6;Pinus Sylvestris;30.10.2013
188;31;2535027.708;1152529.393;79;6;Pinus Sylvestris;30.10.2013
189;31;2535032.16;1152526.389;94;6;Pinus Sylvestris;30.10.2013
190;31;2535035.963;1152523.7;94;6;Pinus Sylvestris;30.10.2013
191;31;2535039.851;1152520.844;94;6;Pinus Sylvestris;30.10.2013
192;31;2535044.142;1152517.872;94;6;Pinus Sylvestris;30.10.2013
193;31;2535060.377;1152506.437;94;6;Pinus Sylvestris;30.10.2013
194;31;2535064.077;1152503.988;157;6;Pinus Sylvestris;30.10.2013
195;31;2535067.968;1152501.43;126;6;Pinus Sylvestris;30.10.2013
196;31;2535072.613;1152497.97;94;6;Pinus Sylvestris;30.10.2013
197;31;2535077.223;1152495.039;79;6;Pinus Sylvestris;30.10.2013
198;31;2535070.617;1152487.431;126;8;Pinus Sylvestris;30.10.2013
199;31;2535070.439;1152490.426;188;8;Carpinus Betulus;30.10.2013
200;31;2535056.98;1152498.977;141;8;Pinus Sylvestris;30.10.2013
201;31;2535030.437;1152518.202;126;6;Sorbus Aucuparia;30.10.2013
202;31;2535023.886;1152521.448;298;8;Carpinus Betulus;30.10.2013
203;31;2535022.087;1152524.709;188;8;Carpinus Betulus;30.10.2013
204;31;2534991.389;1152526.699;157;8;Pinus Sylvestris;30.10.2013
205;31;2534992.92;1152521.836;141;8;Pinus Sylvestris;30.10.2013
206;31;2534989.452;1152518.013;251;6;Carpinus Betulus;30.10.2013
207;31;2534987.681;1152514.101;126;8;Pinus Sylvestris;30.10.2013
208;31;2534983.426;1152513.014;377;6;Carpinus Betulus;30.10.2013
209;31;2534975.952;1152504.42;110;10;Pinus Sylvestris;30.10.2013
210;31;2534973.52;1152500.57;94;8;Pinus Sylvestris;30.10.2013
211;31;2534977.618;1152499.121;94;8;Pinus Sylvestris;30.10.2013
212;31;2534972.028;1152494.236;377;12;Acer Platanoides;30.10.2013
213;31;2534967.46;1152491.969;283;12;Acer Platanoides;30.10.2013
214;31;2534969.801;1152503.006;79;4;Sorbus Aucuparia;30.10.2013
215;31;2534966.009;1152503.645;126;4;Sorbus Aucuparia;30.10.2013
216;31;2534961.511;1152503.569;79;4;Sorbus Aucuparia;30.10.2013
217;31;2534952.445;1152505.466;314;10;Carpinus Betulus;30.10.2013
218;31;2534972.149;1152480.21;94;6;Carpinus Betulus;30.10.2013
219;31;2534980.008;1152486.936;188;6;Carpinus Betulus;30.10.2013
220;31;2534979.581;1152490.794;63;5;Pinus Sylvestris;30.10.2013
221;31;2534987.48;1152500.411;31;2;Pinus Sylvestris;30.10.2013
222;31;2534989.006;1152500.431;94;4;Acer Campestre;30.10.2013
223;31;2534993.339;1152506.99;63;3;Acer Campestre;30.10.2013
224;31;2534994.128;1152511.449;79;4;Pinus Sylvestris;30.10.2013
225;31;2534996.719;1152516.114;157;6;Carpinus Betulus;30.10.2013
226;31;2534940.251;1152458.546;79;4;Acer Campestre;30.10.2013
227;31;2534938.123;1152454.528;141;4;Acer Campestre;30.10.2013
228;31;2534949.089;1152434.265;94;8;Carpinus Betulus;30.10.2013
229;31;2534950.301;1152430.267;94;8;Carpinus Betulus;30.10.2013
230;31;2534954.002;1152431.499;94;8;Carpinus Betulus;30.10.2013
231;31;2535056.518;1152441.731;157;8;Pinus Sylvestris;30.10.2013
232;31;2535057.698;1152446.321;141;8;Pinus Sylvestris;30.10.2013
233;31;2535060.908;1152451.661;141;8;Pinus Sylvestris;30.10.2013
234;31;2535062.928;1152446.041;110;6;Pinus Sylvestris;30.10.2013
235;31;2535064.778;1152448.431;63;6;Fagus Sylvatica;30.10.2013
236;31;2535068.628;1152452.031;157;6;Fagus Sylvatica;30.10.2013
237;31;2535069.898;1152456.871;283;6;Carpinus Betulus;30.10.2013
238;31;2535070.338;1152449.071;188;6;Fagus Sylvatica;30.10.2013
239;31;2535067.768;1152444.751;283;8;Fagus Sylvatica;30.10.2013
240;31;2535074.908;1152451.301;94;6;Fagus Sylvatica;30.10.2013
241;31;2535076.418;1152447.861;126;6;Fagus Sylvatica;30.10.2013
242;31;2535077.308;1152442.771;79;6;Pinus Sylvestris;30.10.2013
243;31;2535072.528;1152439.381;63;6;Pinus Sylvestris;30.10.2013
244;31;2535084.798;1152444.631;188;8;Fagus Sylvatica;30.10.2013
245;31;2535082.984;1152439.019;31;2;Betula Pendula;30.10.2013
246;31;2535086.138;1152439.551;63;3;Pinus Sylvestris;30.10.2013
247;31;2535090.058;1152440.331;220;6;Carpinus Betulus;30.10.2013
248;31;2535090.178;1152434.461;94;6;Pinus Sylvestris;30.10.2013
249;31;2535093.468;1152439.511;188;6;Carpinus Betulus;30.10.2013
250;31;2535097.708;1152440.311;188;6;Carpinus Betulus;30.10.2013
251;31;2535096.168;1152434.581;188;6;Carpinus Betulus;30.10.2013
252;31;2535093.898;1152431.101;79;6;Carpinus Betulus;30.10.2013
253;31;2535102.508;1152438.071;314;6;Carpinus Betulus;30.10.2013
254;31;2535101.808;1152433.241;188;6;Carpinus Betulus;30.10.2013
255;31;2535069.77;1152420.851;47;6;Salix Pendula;30.10.2013
256;31;2535063.581;1152410.351;79;6;Salix Pendula;30.10.2013
257;31;2535048.671;1152407.603;314;10;Sophora Japonica;30.10.2013
258;31;2535023.578;1152429.781;188;8;Pinus Sylvestris;30.10.2013
259;31;2535016.848;1152436.131;94;8;Pinus Sylvestris;30.10.2013
260;31;2535018.768;1152440.541;94;8;Pinus Sylvestris;30.10.2013
261;31;2535024.808;1152446.591;126;6;Carpinus Betulus;30.10.2013
262;31;2535027.048;1152450.091;126;8;Pinus Sylvestris;30.10.2013
263;31;2535031.188;1152442.021;126;8;Carpinus Betulus;30.10.2013
264;31;2535033.958;1152444.651;126;6;Carpinus Betulus;30.10.2013
265;31;2535033.038;1152439.071;94;6;Pinus Sylvestris;30.10.2013
266;31;2535035.068;1152436.901;188;6;Carpinus Betulus;30.10.2013
267;31;2535048.187;1152486.163;47;4;Pinus Sylvestris;30.10.2013
268;31;2535078.049;1152476.882;126;8;Pinus Sylvestris;30.10.2013
269;31;2535086.263;1152476.691;126;6;Carpinus Betulus;30.10.2013
270;31;2535091.581;1152473.879;94;6;Carpinus Betulus;30.10.2013
271;31;2535094.077;1152470.911;63;6;Carpinus Betulus;30.10.2013
272;31;2535104.897;1152463.71;63;5;Carpinus Betulus;30.10.2013
273;31;2535110.361;1152458.738;63;5;Carpinus Betulus;30.10.2013
274;31;2535112.716;1152459.225;63;5;Carpinus Betulus;30.10.2013
275;31;2535114.128;1152456.413;47;5;Carpinus Betulus;30.10.2013
276;31;2535122.014;1152450.589;63;5;Carpinus Betulus;30.10.2013
277;31;2535124.25;1152451.224;63;5;Carpinus Betulus;30.10.2013
278;31;2535124.61;1152448.935;63;5;Carpinus Betulus;30.10.2013
279;31;2535130.585;1152445.423;94;6;Carpinus Betulus;30.10.2013
280;31;2535134.813;1152441.678;94;6;Carpinus Betulus;30.10.2013
281;31;2535125.269;1152461.377;94;4;Pinus Sylvestris;30.10.2013
282;31;2535122.134;1152463.412;94;6;Pinus Sylvestris;30.10.2013
283;31;2535118.168;1152466.251;94;6;Pinus Sylvestris;30.10.2013
284;31;2535113.786;1152469.188;94;4;Pinus Sylvestris;30.10.2013
285;31;2535109.6;1152472.343;110;4;Pinus Sylvestris;30.10.2013
286;31;2535097.761;1152480.765;94;4;Pinus Sylvestris;30.10.2013
287;31;2535093.445;1152483.146;94;6;Pinus Sylvestris;30.10.2013
288;31;2535089.202;1152486.281;94;6;Pinus Sylvestris;30.10.2013
289;31;2535080.659;1152492.304;94;6;Pinus Sylvestris;30.10.2013
290;31;2535083.739;1152499.331;31;4;Acer Platanoides;30.10.2013
291;31;2535082.179;1152500.246;94;4;Acer Platanoides;30.10.2013
292;31;2535079.625;1152500.075;94;7;Acer Platanoides;30.10.2013
293;31;2535079.584;1152503.689;110;6;Carpinus Betulus;30.10.2013
294;31;2535075.248;1152502.4;110;8;Acer Platanoides;30.10.2013
295;31;2535075.212;1152506.257;110;7;Carpinus Betulus;30.10.2013
296;31;2535071.584;1152508.797;188;7;Carpinus Betulus;30.10.2013
297;31;2535062.8;1152510.779;47;4;Acer Platanoides;30.10.2013
298;31;2535063.534;1152515.041;188;6;Carpinus Betulus;30.10.2013
299;31;2535060.957;1152511.357;94;5;Fraxinus ornus;30.10.2013
300;31;2535058.12;1152514.809;63;4;Acer Platanoides;30.10.2013
301;31;2535058.357;1152517.988;94;6;Carpinus Betulus;30.10.2013
302;31;2535056.02;1152516.202;31;3;Acer Campestre;30.10.2013
303;31;2535055.172;1152517.214;94;6;Pinus Sylvestris;30.10.2013
304;31;2535054.202;1152516.335;63;4;Acer Platanoides;30.10.2013
305;31;2535054.831;1152520.412;283;8;Carpinus Betulus;30.10.2013
306;31;2535087.607;1152497.288;126;6;Carpinus Betulus;30.10.2013
307;31;2535091.967;1152494.744;126;6;Carpinus Betulus;30.10.2013
308;31;2535091.77;1152490.517;126;8;Acer Platanoides;30.10.2013
309;31;2535095.98;1152491.887;94;6;Carpinus Betulus;30.10.2013
310;31;2535096.029;1152487.332;94;6;Pinus Sylvestris;30.10.2013
311;31;2535099.606;1152489.289;63;6;Carpinus Betulus;30.10.2013
312;31;2535100.177;1152485.171;94;8;Acer Platanoides;30.10.2013
313;31;2535103.752;1152486.48;110;8;Carpinus Betulus;30.10.2013
314;31;2535104.222;1152482.218;110;6;Pinus Sylvestris;30.10.2013
315;31;2535107.905;1152483.477;94;6;Carpinus Betulus;30.10.2013
316;31;2535108.398;1152479.071;110;8;Acer Platanoides;30.10.2013
317;31;2535111.261;1152480.125;79;6;Carpinus Betulus;30.10.2013
318;31;2535115.829;1152477.952;110;6;Carpinus Betulus;30.10.2013
319;31;2535120.209;1152474.714;188;8;Carpinus Betulus;30.10.2013
320;31;2535120.795;1152470.395;79;6;Pinus Sylvestris;30.10.2013
321;31;2535124.556;1152471.665;94;6;Carpinus Betulus;30.10.2013
323;31;2535051.087;1152519.88;173;8;Acer Platanoides;30.10.2013
324;31;2535051.133;1152523.574;126;8;Carpinus betulus;30.10.2013
325;31;2535047.267;1152523.295;126;8;Acer Platanoides;30.10.2013
326;31;2535046.232;1152526.181;126;8;Carpinus Betulus;30.10.2013
327;31;2535042.868;1152525.558;94;6;Pinus Sylvestris;30.10.2013
328;31;2535042.879;1152529.216;63;6;Carpinus Betulus;30.10.2013
329;31;2535039.346;1152528.56;157;8;Acer Platanoides;30.10.2013
330;31;2535038.393;1152531.926;94;8;Carpinus Betulus;30.10.2013
331;31;2535034.71;1152535.138;94;6;Carpinus Betulus;30.10.2013
332;31;2535030.451;1152534.068;94;6;Pinus Sylvestris;30.10.2013
333;31;2535029.945;1152537.665;94;6;Carpinus Betulus;30.10.2013
334;31;2535026.467;1152537.107;110;6;Acer Platanoides;30.10.2013
335;31;2535026.349;1152541.11;94;6;Carpinus Betulus;30.10.2013
336;31;2535023.388;1152538.666;31;3;Acer Campestre;30.10.2013
337;31;2535022.424;1152543.909;283;8;Carpinus Betulus;30.10.2013
338;31;2535017.91;1152546.844;110;8;Carpinus Betulus;30.10.2013
339;31;2535013.954;1152549.644;188;8;Carpinus Betulus;30.10.2013
340;31;2535009.917;1152552.546;94;8;Carpinus Betulus;30.10.2013
341;31;2534863.582;1152463.987;94;4;Pinus Sylvestris;30.10.2013
342;31;2534858.718;1152464.335;251;10;Acer Campestre;30.10.2013
343;31;2534854.916;1152460.02;188;8;Acer Campestre;30.10.2013
344;31;2534856.778;1152455.901;94;6;Fagus sylvatica;30.10.2013
345;31;2534861.409;1152455.107;94;6;Carpinus Betulus;30.10.2013
346;31;2534862.888;1152458.412;110;8;Carpinus Betulus;30.10.2013
347;31;2534866.873;1152458.533;110;8;Pinus Sylvestris;30.10.2013
348;31;2534871.382;1152456.98;94;6;Carpinus Betulus;30.10.2013
349;31;2534868.046;1152449.209;141;4;Carpinus Betulus;30.10.2013
350;31;2534872.758;1152448.386;79;6;Acer Campestre;30.10.2013
351;31;2534872.371;1152452.796;126;6;Pinus Sylvestris;30.10.2013
352;31;2534875.145;1152450.214;94;4;Carpinus Betulus;30.10.2013
353;31;2534877.517;1152451.762;110;8;Carpinus Betulus;30.10.2013
354;31;2534879.078;1152448.615;94;6;Acer Campestre;30.10.2013
355;31;2534881.558;1152451.401;157;6;Carpinus Betulus;30.10.2013
356;31;2534884.837;1152447.721;79;6;Carpinus Betulus;30.10.2013
357;31;2534887.09;1152444.313;377;10;Carpinus Betulus;30.10.2013
358;31;2534883.811;1152442.247;79;4;Carpinus Betulus;30.10.2013
359;31;2534890.276;1152438.672;157;4;Pinus Sylvestris;30.10.2013
360;31;2534890.898;1152443.389;94;4;Carpinus Betulus;30.10.2013
361;31;2534893.193;1152440.703;126;6;Carpinus Betulus;30.10.2013
362;31;2534897.015;1152439.132;94;6;Carpinus Betulus;30.10.2013
363;31;2534897.609;1152437.055;126;6;Acer Campestre;30.10.2013
364;31;2534903.547;1152431.702;126;6;Carpinus Betulus;30.10.2013
365;31;2534912.682;1152428.098;94;6;Acer Campestre;30.10.2013
366;31;2534900.494;1152437.799;94;6;Carpinus Betulus;30.10.2013
367;31;2534903.266;1152435.684;94;6;Carpinus Betulus;30.10.2013
368;31;2534907.466;1152433.342;188;6;Carpinus Betulus;30.10.2013
369;31;2534962.186;1152410.938;126;8;Carpinus Betulus;04.07.2023
370;31;2534970.955;1152406.415;110;8;Carpinus Betulus;04.07.2023
371;31;2534975.813;1152406.02;157;8;Carpinus Betulus;04.07.2023
372;31;2534983.904;1152425.222;63;6;Liquidambar styracTaxuslua;30.10.2013
373;31;2534915.409;1152430.498;110;6;Pinus Sylvetris;30.10.2013
374;31;2534917.961;1152432.595;94;6;Carpinus betulus;30.10.2013
375;31;2534916.985;1152435.209;94;6;Carpinus Betulus;30.10.2013
376;31;2534922.124;1152441.541;47;4;Juglans Regia;30.10.2013
377;31;2534921.535;1152434.329;157;8;Pinus Sylvestris;30.10.2013
378;31;2534923.378;1152430.957;94;6;Carpinus Betulus;30.10.2013
379;31;2534920.759;1152430.359;157;6;Carpinus Betulus;30.10.2013
380;31;2534923.002;1152428.403;126;6;Acer Campestre;30.10.2013
381;31;2534924.949;1152427.943;94;6;Pinus Sylvestris;30.10.2013
382;31;2534929.914;1152426.388;63;6;Fagus Sylvatica;30.10.2013
383;31;2534942.322;1152420.471;126;8;Acer Campestre;30.10.2013
384;31;2534945.758;1152417.896;79;6;Acer Campestre;30.10.2013
385;31;2534947.572;1152422.57;126;7;Acer Campestre;30.10.2013
386;31;2534951.612;1152424.949;94;7;Carpinus Betulus;30.10.2013
387;31;2534952.134;1152414.172;70;5;Acer Platanoides;04.07.2023
388;31;2534964.683;1152417.935;220;10;Carpinus Betulus;04.07.2023
389;31;2534965.397;1152422.946;126;8;Carpinus Betulus;30.10.2013
390;31;2534964.735;1152423.569;236;8;Carpinus Betulus;30.10.2013
391;31;2535028.967;1152387.224;47;3;Pinus Sylvestris;04.07.2023
392;31;2535056.152;1152381.183;188;12;Pinus Sylvestris;30.10.2013
393;31;2535055.518;1152375.01;126;6;Carpinus Betulus;04.07.2023
394;31;2535060.988;1152373.893;126;10;Pinus Sylvestris;04.07.2023
395;31;2535066.274;1152376.256;31;4;Pinus Sylvestris;12.12.2024
396;31;2535063.229;1152381.169;126;10;Pinus Sylvestris;12.12.2024
397;31;2535090.482;1152356.483;79;6;Carpinus Betulus;12.12.2024
398;31;2535090.85;1152353.215;110;6;Carpinus Betulus;12.12.2024
399;31;2535098.252;1152351.089;188;8;Carpinus Betulus;30.10.2013
400;31;2535103.171;1152348.376;63;4;Carpinus Betulus;30.10.2013
401;31;2535107.514;1152345.701;157;4;Carpinus Betulus;30.10.2013
402;31;2535111.834;1152343.014;141;4;Carpinus Betulus;30.10.2013
403;31;2535115.606;1152340.131;188;4;Carpinus Betulus;30.10.2013
404;31;2535120.088;1152337.659;94;4;Carpinus Betulus;30.10.2013
405;31;2535124.081;1152335.107;126;4;Carpinus Betulus;30.10.2013
406;31;2535128.448;1152332.403;94;4;Carpinus Betulus;30.10.2013
407;31;2535132.83;1152329.771;63;4;Carpinus Betulus;30.10.2013
408;31;2535138.433;1152326.716;79;4;Carpinus Betulus;30.10.2013
409;31;2535142.467;1152327.567;79;6;Carpinus Betulus;30.10.2013
410;31;2535143.126;1152323.695;94;8;Carpinus Betulus;30.10.2013
411;31;2535145.667;1152328.546;157;8;Acer Platanoides;30.10.2013
412;31;2535149.843;1152325.137;314;8;Acer Platanoides;30.10.2013
413;31;2535151.785;1152317.8;126;8;Carpinus Betulus;30.10.2013
414;31;2535111.137;1152367.563;157;10;Pinus Sylvestris;30.10.2013
415;31;2535107.386;1152367.433;126;8;Pinus Sylvestris;30.10.2013
416;31;2535256.541;1152323.055;94;6;Carpinus Betulus;30.10.2013
417;31;2535259.338;1152327.424;94;8;Carpinus Betulus;30.10.2013
418;31;2535259.315;1152330.518;94;6;Acer Campestre;30.10.2013
419;31;2535256.778;1152330.444;94;8;Acer Platanoides;30.10.2013
420;31;2535255.694;1152333.181;63;6;Acer Platanoides;30.10.2013
421;31;2535258.848;1152334.096;126;8;Acer Platanoides;30.10.2013
422;31;2535262.734;1152331.107;94;6;Carpinus Betulus;30.10.2013
423;31;2535265.249;1152334.699;157;6;Carpinus betulus;30.10.2013
424;31;2535265.196;1152339.445;110;6;Acer Platanoides;30.10.2013
425;31;2535268.67;1152338.415;79;6;Carpinus Betulus;30.10.2013
426;31;2535273.763;1152346.689;251;8;Acer saccharinum;30.10.2013
427;31;2535271.277;1152355.469;94;8;Acer Campestre;30.10.2013
428;31;2535276.059;1152364.468;126;6;Carpinus Betulus;30.10.2013
429;31;2535269.231;1152359.914;251;8;Acer Platanoides;30.10.2013
430;31;2535264.248;1152360.031;251;8;Acer Platanoides;30.10.2013
431;31;2535265.883;1152355.857;94;6;Pinus Sylvestris;30.10.2013
432;31;2535260.475;1152358.028;188;8;Carpinus Betulus;30.10.2013
433;31;2535256.814;1152353.579;94;6;Carpinus Betulus;30.10.2013
434;31;2535257.851;1152350.137;141;4;Acer Campestre;30.10.2013
435;31;2535262.363;1152350.272;110;4;Pinus Sylvestris;30.10.2013
436;31;2535264.234;1152346.897;94;6;Carpinus Betulus;30.10.2013
437;31;2535261.035;1152343.812;126;6;Pinus Sylvestris;30.10.2013
438;31;2535252.317;1152349.014;188;6;Carpinus Betulus;30.10.2013
439;31;2535252.264;1152341.888;157;12;Acer platanoides;30.10.2013
440;31;2535248.704;1152341.105;94;6;Carpinus Betulus;30.10.2013
441;31;2535249.668;1152337.184;94;8;Acer Campestre;30.10.2013
442;31;2535244.93;1152336.839;94;6;Carpinus Betulus;30.10.2013
443;31;2535227.488;1152282.803;94;8;Carpinus Betulus;30.10.2013
444;31;2535225.686;1152285.115;94;8;Acer Platanoides;30.10.2013
445;31;2535224.167;1152282.673;283;8;Acer Campestre;30.10.2013
446;31;2535222.89;1152280.547;79;6;Carpinus Betulus;30.10.2013
447;31;2535214.136;1152281.65;94;6;Carpinus Betulus;30.10.2013
448;31;2535211.02;1152280.557;79;4;Carpinus Betulus;30.10.2013
449;31;2535210.305;1152283.467;157;6;Carpinus Betulus;30.10.2013
450;31;2535205.611;1152292.013;110;10;Quercus Robur;30.10.2013
451;31;2535198.642;1152288.434;79;6;Pinus Sylvestris;30.10.2013
452;31;2535200.565;1152293.539;239;4;Acer Campestre;30.10.2013
453;31;2535198.272;1152294.311;126;6;Carpinus Betulus;30.10.2013
454;31;2535201.574;1152298.169;119;4;Quercus Robur;30.10.2013
455;31;2535198.825;1152298.302;141;4;Acer Campestre;30.10.2013
456;31;2535199.748;1152303.703;239;6;Carpinus Betulus;30.10.2013
457;31;2535196.423;1152302.224;239;6;Carpinus Betulus;30.10.2013
458;31;2535194.699;1152300.664;126;6;Carpinus Betulus;30.10.2013
459;31;2535196.084;1152293.365;179;4;Quercus Robur;30.10.2013
460;31;2535193.072;1152292.606;210;6;Quercus Robur;30.10.2013
461;31;2535190.499;1152294.409;151;6;Carpinus Betulus;30.10.2013
462;31;2535188.207;1152295.637;151;6;Acer Campestre;30.10.2013
463;31;2535189.758;1152301.223;94;4;Carpinus Betulus;30.10.2013
464;31;2535191.034;1152304.112;239;6;Carpinus Betulus;30.10.2013
465;31;2535190.967;1152307.906;779;12;Acer Saccharinum;30.10.2013
466;31;2535186.624;1152302.984;79;6;Carpinus Betulus;30.10.2013
467;31;2535186.394;1152299.624;280;6;Carpinus Betulus;30.10.2013
468;31;2535185.084;1152297.277;94;6;Carpinus Betulus;30.10.2013
469;31;2535182.252;1152299.895;79;6;Carpinus Betulus;30.10.2013
470;31;2535181.453;1152302.647;94;8;Carpinus Betulus;30.10.2013
471;31;2535184.052;1152304.368;63;6;Taxus baccata;30.10.2013
472;31;2535176.599;1152303.614;110;6;Carpinus Betulus;30.10.2013
473;31;2535181.268;1152305.542;47;5;Acer Platanoides;30.10.2013
474;31;2535172.227;1152305.265;94;6;Carpinus Betulus;30.10.2013
475;31;2535174.723;1152309.053;188;10;Acer Platanoides;30.10.2013
476;31;2535170.687;1152311.367;283;10;Acer Pseudoplatanus;30.10.2013
477;31;2535168.296;1152308.061;47;6;Carpinus Betulus;30.10.2013
478;31;2535164.516;1152310.243;94;6;Carpinus Betulus;30.10.2013
479;31;2535168.337;1152315.164;110;6;Acer Platanoides;30.10.2013
480;31;2535161.526;1152316.39;110;8;Acer Platanoides;30.10.2013
481;31;2535159.678;1152313.517;110;6;Carpinus Betulus;30.10.2013
482;31;2535156.204;1152315.684;126;6;Carpinus Betulus;30.10.2013
483;31;2535158.497;1152318.873;157;8;Acer platanoides;30.10.2013
484;31;2535153.018;1152321.794;126;8;Acer platanoides;30.10.2013
485;31;2535177.409;1152321.385;94;6;Pinus Sylvestris;30.10.2013
486;31;2535180.893;1152318.643;110;8;Acer Campestre;30.10.2013
487;31;2535112.581;1152383.74;47;6;Salix pendula;30.10.2013
488;31;2535115.783;1152381.451;63;6;Acer Campestre;12.12.2024
489;31;2535120.376;1152358.504;188;8;Pinus Sylvestris;30.10.2013
490;31;2535117.748;1152361.973;188;8;Pinus Sylvestris;30.10.2013
491;31;2535121.212;1152363.325;63;6;Pinus Sylvestris;30.10.2013
492;31;2535071.709;1152401.221;314;16;Sequoiadendron giganteum;30.10.2013
493;31;2535159.918;1152397.171;94;6;Pinus Sylvestris;30.10.2013
494;31;2535163.218;1152401.951;188;8;Carpinus Betulus;30.10.2013
495;31;2535159.748;1152404.381;94;8;Carpinus Betulus;30.10.2013
496;31;2535180.657;1152403.101;31;6;Juglans regia;30.10.2013
497;31;2535216.357;1152393.244;19;2;Salix Pendula;30.10.2013
498;31;2535211.9;1152390.294;19;2;Juglans regia;30.10.2013
499;31;2535200.691;1152392.584;16;2;Salix Caprea;30.10.2013
500;31;2535205.394;1152387.618;16;2;Salix Caprea;30.10.2013
501;31;2535216.396;1152384.532;16;2;Salix Caprea;30.10.2013
502;31;2535221.359;1152384.472;6;1;Juglans regia;30.10.2013
503;31;2535220.149;1152387.687;31;2;Salix Caprea;30.10.2013
504;31;2535221.233;1152391.378;31;4;Acer Campestre;30.10.2013
505;31;2535218.287;1152390.5;28;2;Salix Caprea;30.10.2013
506;31;2535215.698;1152388.896;38;2;Acer Pseudoplatanus;30.10.2013
507;31;2535269.403;1152331.696;79;4;Carpinus Betulus;30.10.2013
508;31;2535272.736;1152330.176;94;6;Carpinus Betulus;30.10.2013
509;31;2535272.505;1152335.388;94;6;Fagus Sylvatica;30.10.2013
510;31;2535276.977;1152330.265;113;6;Carpinus Betulus;30.10.2013
511;31;2535278.9;1152334.264;141;6;Carpinus Betulus;30.10.2013
512;31;2535281.827;1152331.222;126;8;Carpinus Betulus;30.10.2013
513;31;2535280.382;1152340.829;126;6;Carpinus Betulus;30.10.2013
514;31;2535275.439;1152340.276;126;6;Fagus Sylvatica;30.10.2013
515;31;2535282.854;1152345.143;141;8;Fagus Sylvatica;30.10.2013
516;31;2535285.981;1152356.77;157;8;Carpinus Betulus;30.10.2013
517;31;2535288.359;1152351.43;157;8;Fagus Sylvatica;30.10.2013
518;31;2535294.995;1152350.786;188;8;Carpinus Betulus;30.10.2013
519;31;2535298.918;1152348.633;94;6;Carpinus Betulus;30.10.2013
520;31;2535253.969;1152318.929;94;6;Carpinus Betulus;30.10.2013
521;31;2535250.494;1152314.823;79;6;Carpinus Betulus;30.10.2013
522;31;2535248.884;1152311.915;31;2;Pinus sylvestris;30.10.2013
523;31;2535247.532;1152310.354;47;2;Carpinus Betulus;30.10.2013
524;31;2535246.669;1152307.901;31;2;Pinus Sylvestris;30.10.2013
525;31;2535244.946;1152306.83;16;2;Carpinus Betulus;30.10.2013
526;31;2535244.242;1152304.381;31;2;Pinus Sylvestris;30.10.2013
527;31;2535242.27;1152303.348;16;2;Acer Campestre;30.10.2013
528;31;2535235.913;1152298.145;16;2;Acer Campestre;30.10.2013
529;31;2535238.513;1152296.65;16;2;Carpinus Betulus;30.10.2013
530;31;2535237.079;1152294.427;79;6;Carpinus Betulus;30.10.2013
531;31;2535233.854;1152298.61;31;2;Pinus Sylvestris;30.10.2013
532;31;2535234.845;1152296.142;94;6;Acer platanoides;30.10.2013
533;31;2535234.081;1152292.984;47;6;Acer Campestre;30.10.2013
534;31;2535231.493;1152292.342;126;6;Acer platanoides;30.10.2013
535;31;2535234.222;1152290.207;94;6;Carpinus Betulus;30.10.2013
536;31;2535232.503;1152288.254;16;2;Acer Campestre;30.10.2013
537;31;2535231.167;1152286.437;94;6;Carpinus Betulus;30.10.2013
538;31;2535228.396;1152288.254;126;6;Acer platanoides;30.10.2013
539;31;2535218.869;1152281.273;16;2;Acer Campestre;30.10.2013
540;31;2535217.247;1152282.6;31;2;Pinus Sylvestris;30.10.2013
541;31;2535216.364;1152280.68;31;2;Pinus Sylvestris;30.10.2013
542;31;2535213.424;1152284.448;31;2;Pinus Sylvestris;30.10.2013
543;31;2535289.438;1152334.183;126;8;Fagus Sylvestris;30.10.2013
544;31;2535292.334;1152330.907;94;8;Carpinus Betulus;30.10.2013
545;31;2535295.473;1152332.999;94;8;Carpinus Betulus;30.10.2013
546;31;2535298.65;1152330.016;110;6;Carpinus Betulus;30.10.2013
547;31;2535302.469;1152332.345;110;6;Carpinus Betulus;30.10.2013
548;31;2535299.132;1152336.102;188;8;Acer Campestre;30.10.2013
549;31;2535307.396;1152335.165;251;8;Acer Campestre;30.10.2013
550;31;2535312.667;1152333.603;188;8;Carpinus Betulus;30.10.2013
551;31;2534870.512;1152594.282;31;4;Acer Campestre;30.10.2013
552;31;2535323.87;1152330.64;314;10;Acer Campestre;30.10.2013
553;31;2534845.589;1152577.36;79;5;Feuillu;12.12.2024
554;31;2534862.399;1152600.493;31;3;Bouleau;12.12.2024
555;31;2535024.86;1152389.747;157;4;noisetier;04.07.2023
556;31;2535021.666;1152391.863;94;5;feuillu;04.07.2023
557;31;2534998.564;1152401.583;220;5;noisetier;04.07.2023
558;31;2534995.916;1152403.404;31;4;noisetier;04.07.2023
559;31;2534990.416;1152406.293;38;4;feuillu;04.07.2023
560;31;2534985.864;1152409.545;47;2.5;Taxus;04.07.2023
561;31;2534983.349;1152409.274;31;2;Taxus;04.07.2023
562;31;2534983.532;1152411.524;31;2;Taxus;04.07.2023
563;31;2534978.985;1152410.678;31;2;feuillu;04.07.2023
564;31;2534979.904;1152413.274;38;2.5;feuillu;04.07.2023
565;31;2534977.275;1152413.419;47;2.5;feuillu;04.07.2023
566;31;2534975.598;1152412.649;31;2;feuillu;04.07.2023
567;31;2534976.936;1152415.22;38;2.5;feuillu;04.07.2023
568;31;2534971.977;1152413.854;13;1.5;feuillu;04.07.2023
569;31;2534971.564;1152416.123;19;2;feuillu;04.07.2023
570;31;2534969.829;1152415.136;13;1.5;feuillu;04.07.2023
571;31;2535127.927;1152374.538;63;6;feuillu;12.12.2024
572;31;2535124.724;1152377.268;63;6;feuillu;12.12.2024
573;31;2535121.592;1152376.845;63;6;feuillu;12.12.2024
574;31;2535119.585;1152375.569;63;6;feuillu;12.12.2024
575;31;2535121.015;1152379.643;63;6;feuillu;12.12.2024
576;31;2534961.41;1152422.126;126;3;Taxus;04.07.2023
